point,flat_index,control_type,control_freq_offset_khz,status_type,source_voltage_uv,effective_voltage_uv,base_freq_16_16_mhz,effective_freq_mhz,effective_freq_dup_mhz,effective_volt_dup_uv,total_freq_offset_khz,total_volt_offset_uv
0,0,17,0,4369,450000,450000,11796480,225,225,450000,45000,0
1,1,17,0,4369,460000,460000,11796480,225,225,460000,45000,0
2,2,17,0,4369,465000,465000,11796480,225,225,465000,45000,0
3,3,17,0,4369,470000,470000,11796480,225,225,470000,45000,0
4,4,17,0,4369,475000,475000,11796480,225,225,475000,45000,0
5,5,17,0,4369,485000,485000,11796480,225,225,485000,45000,0
6,6,17,0,4369,490000,490000,11796480,225,225,490000,45000,0
7,7,17,0,4369,495000,495000,11796480,225,225,495000,45000,0
8,8,17,0,4369,500000,500000,11796480,225,225,500000,45000,0
9,9,17,0,4369,510000,510000,11796480,225,225,510000,45000,0
10,10,17,0,4369,515000,515000,11796480,225,225,515000,45000,0
11,11,17,0,4369,520000,520000,11796480,225,225,520000,45000,0
12,12,17,0,4369,525000,525000,11796480,225,225,525000,45000,0
13,13,17,0,4369,535000,535000,11796480,225,225,535000,45000,0
14,14,17,0,4369,540000,540000,11796480,225,225,540000,45000,0
15,15,17,0,4369,545000,545000,11796480,225,225,545000,45000,0
16,16,17,0,4369,550000,550000,11796480,225,225,550000,45000,0
17,17,17,0,4369,560000,560000,11796480,225,225,560000,45000,0
18,18,17,0,4369,565000,565000,11796480,225,225,565000,45000,0
19,19,17,0,4369,570000,570000,11796480,225,225,570000,45000,0
20,20,17,0,4369,575000,575000,11796480,225,225,575000,45000,0
21,21,17,0,4369,585000,585000,11796480,225,225,585000,45000,0
22,22,17,0,4369,590000,590000,11796480,225,225,590000,45000,0
23,23,17,0,4369,595000,595000,11796480,225,225,595000,45000,0
24,24,17,0,4369,600000,600000,11796480,225,225,600000,45000,0
25,25,17,0,4369,610000,610000,11796480,225,225,610000,45000,0
26,26,17,0,4369,615000,615000,11796480,225,225,615000,45000,0
27,27,17,0,4369,620000,620000,11796480,225,225,620000,45000,0
28,28,17,0,4369,625000,625000,11796480,225,225,625000,45000,0
29,29,17,0,4369,635000,635000,11796480,225,225,635000,45000,0
30,30,17,0,4369,640000,640000,11796480,225,225,640000,45000,0
31,31,17,0,4369,645000,645000,11796480,225,225,645000,45000,0
32,32,17,0,4369,650000,650000,11796480,225,225,650000,45000,0
33,33,17,0,4369,660000,660000,11796480,225,225,660000,45000,0
34,34,17,0,4369,665000,665000,11796480,225,225,665000,45000,0
35,35,17,0,4369,670000,670000,11796480,225,225,670000,45000,0
36,36,17,0,4369,675000,675000,11796480,225,225,675000,45000,0
37,37,17,0,4369,685000,685000,11796480,225,225,685000,45000,0
38,38,17,0,4369,690000,690000,11796480,225,225,690000,45000,0
39,39,17,0,4369,695000,695000,11796480,225,225,695000,45000,0
40,40,17,0,4369,700000,700000,11796480,225,225,700000,45000,0
41,41,17,0,4369,710000,710000,11796480,225,225,710000,45000,0
42,42,17,0,4369,715000,715000,11796480,225,225,715000,45000,0
43,43,17,0,4369,720000,720000,11796480,225,225,720000,45000,0
44,44,17,0,4369,725000,725000,11796480,225,225,725000,45000,0
45,45,17,0,4369,735000,735000,11796480,225,225,735000,45000,0
46,46,17,0,4369,740000,740000,11796480,225,225,740000,45000,0
47,47,17,0,4369,745000,745000,11796480,225,225,745000,45000,0
48,48,17,0,4369,750000,750000,11796480,225,225,750000,45000,0
49,49,17,0,4369,760000,760000,11796480,225,225,760000,45000,0
50,50,17,0,4369,765000,765000,11796480,225,225,765000,45000,0
51,51,17,0,4369,770000,770000,13238272,247,247,770000,45000,0
52,52,17,0,4369,775000,775000,18677760,330,330,775000,45000,0
53,53,17,0,4369,785000,785000,24576000,420,420,785000,45000,0
54,54,17,0,4369,790000,790000,29949952,502,502,790000,45000,0
55,55,17,0,4369,795000,795000,35848192,592,592,795000,45000,0
56,56,17,0,4369,800000,800000,41287680,675,675,800000,45000,0
57,57,17,0,4369,810000,810000,46661632,802,802,810000,90000,0
58,58,17,0,4369,815000,815000,52559872,1192,1192,815000,390000,0
59,59,17,0,4369,820000,820000,57999360,1582,1582,820000,697000,0
60,60,17,0,4369,825000,825000,63897600,1972,1972,825000,997000,0
61,61,17,0,4369,835000,835000,69271552,1972,1972,835000,915000,0
62,62,17,0,4369,840000,840000,75169792,2137,2137,840000,990000,0
63,63,17,0,4369,845000,845000,80609280,2137,2137,845000,907000,0
64,64,17,0,4369,850000,850000,86507520,2317,2317,850000,997000,0
65,65,17,0,4369,860000,860000,91881472,2392,2392,860000,990000,0
66,66,17,0,4369,865000,865000,97779712,2482,2482,865000,990000,0
67,67,17,0,4369,870000,870000,103219200,2572,2572,870000,997000,0
68,68,17,0,4369,875000,875000,108593152,2647,2647,875000,990000,0
69,69,17,0,4369,885000,885000,114491392,2737,2737,885000,990000,0
70,70,17,0,4369,890000,890000,119930880,2790,2790,890000,960000,0
71,71,17,0,4369,895000,895000,125829120,2827,2827,895000,907000,0
72,72,17,0,4369,900000,900000,131203072,2857,2857,900000,855000,0
73,73,17,0,4369,910000,910000,137101312,2917,2917,910000,825000,0
74,74,17,0,4369,915000,915000,142540800,2932,2932,915000,757000,0
75,75,17,0,4369,920000,920000,147914752,2947,2947,920000,690000,0
76,76,17,0,4369,925000,925000,153812992,2962,2962,925000,615000,0
77,77,17,0,4369,935000,935000,159252480,3000,3000,935000,570000,0
78,78,17,0,4369,940000,940000,165150720,3007,3007,940000,487000,0
79,79,17,0,4369,945000,945000,169541632,3022,3022,945000,442000,0
80,80,17,0,4369,950000,950000,171048960,3052,3052,950000,442000,0
81,81,17,0,4369,960000,960000,172490752,3067,3067,960000,435000,0
82,82,17,0,4369,965000,965000,173473792,3082,3082,965000,435000,0
83,83,17,0,4369,970000,970000,174981120,3097,3097,970000,427000,0
84,84,17,0,4369,975000,975000,176422912,3097,3097,975000,405000,0
85,85,17,0,4369,985000,985000,177930240,3127,3127,985000,412000,0
86,86,17,0,4369,990000,990000,178913280,3142,3142,990000,412000,0
87,87,17,0,4369,995000,995000,180355072,3142,3142,995000,390000,0
88,88,17,0,4369,1000000,1000000,182321152,3157,3157,1000000,375000,0
89,89,17,0,4369,1010000,1010000,183828480,3187,3187,1010000,382000,0
90,90,17,0,4369,1015000,1015000,184811520,3187,3187,1015000,367000,0
91,91,17,0,4369,1020000,1020000,186253312,3187,3187,1020000,352000,0
92,92,17,0,4369,1025000,1025000,187236352,3202,3202,1025000,345000,0
93,93,17,0,4369,1035000,1035000,188219392,3217,3217,1035000,345000,0
94,94,17,0,4369,1040000,1040000,189202432,3232,3232,1040000,345000,0
95,95,17,0,4369,1045000,1045000,189726720,3240,3240,1045000,345000,0
96,96,17,0,4369,1050000,1050000,190709760,3255,3255,1050000,345000,0
97,97,17,0,4369,1060000,1060000,191168512,3262,3262,1060000,345000,0
98,98,17,0,4369,1065000,1065000,192151552,3277,3277,1065000,345000,0
99,99,17,0,4369,1070000,1070000,193134592,3277,3277,1070000,330000,0
100,100,17,0,4369,1075000,1075000,193658880,3307,3307,1075000,352000,0
101,101,17,0,4369,1085000,1085000,194641920,3315,3315,1085000,345000,0
102,102,17,0,4369,1090000,1090000,195624960,3330,3330,1090000,345000,0
103,103,17,0,4369,1095000,1095000,196083712,3330,3330,1095000,337000,0
104,104,17,0,4369,1100000,1100000,197066752,3330,3330,1100000,322000,0
105,105,17,0,4369,1110000,1110000,197591040,3330,3330,1110000,315000,0
106,106,17,0,4369,1115000,1115000,198574080,3330,3330,1115000,300000,0
107,107,17,0,4369,1120000,1120000,199032832,3330,3330,1120000,292000,0
108,108,17,0,4369,1125000,1125000,200015872,3330,3330,1125000,277000,0
109,109,17,0,4369,1135000,1135000,200540160,3330,3330,1135000,270000,0
110,110,17,0,4369,1140000,1140000,200998912,3330,3330,1140000,262000,0
111,111,17,0,4369,1145000,1145000,201981952,3330,3330,1145000,247000,0
112,112,17,0,4369,1150000,1150000,202506240,3330,3330,1150000,240000,0
113,113,17,0,4369,1160000,1160000,203489280,3330,3330,1160000,225000,0
114,114,17,0,4369,1165000,1165000,203948032,3330,3330,1165000,217000,0
115,115,17,0,4369,1170000,1170000,204472320,3330,3330,1170000,210000,0
116,116,17,0,4369,1175000,1175000,205455360,3330,3330,1175000,195000,0
117,117,17,0,4369,1185000,1185000,205914112,3330,3330,1185000,187000,0
118,118,17,0,4369,1190000,1190000,206438400,3330,3330,1190000,180000,0
119,119,17,0,4369,1195000,1195000,206897152,3330,3330,1195000,172000,0
120,120,17,0,4369,1200000,1200000,207880192,3330,3330,1200000,157000,0
121,121,17,0,4369,1210000,1210000,208404480,3330,3330,1210000,150000,0
122,122,17,0,4369,1215000,1215000,208863232,3330,3330,1215000,142000,0
123,123,17,0,4369,1220000,1220000,209387520,3330,3330,1220000,135000,0
124,124,17,0,4369,1225000,1225000,209846272,3330,3330,1225000,127000,0
125,125,17,0,4369,1235000,1235000,210829312,3330,3330,1235000,112000,0
126,126,17,0,4369,1240000,1240000,211353600,3337,3337,1240000,112000,0
