point,record_offset,type_marker,effective_voltage_uv,effective_freq_mhz,base_freq_fixed_16_16,base_freq_mhz,source_voltage_uv,effective_freq_dup_mhz,effective_voltage_dup_uv,freq_tuning_offset_khz,voltage_tuning_offset_uv
0,19520,4369,450000,225,11796480,180,450000,225,450000,45000,0
1,19672,4369,460000,315,17694720,270,460000,315,460000,45000,0
2,19824,4369,465000,345,19660800,300,465000,345,465000,45000,0
3,19976,4369,470000,375,21626880,330,470000,375,470000,45000,0
4,20128,4369,475000,397,23068672,352,475000,397,475000,45000,0
5,20280,4369,485000,427,25034752,382,485000,427,485000,45000,0
6,20432,4369,490000,457,27000832,412,490000,457,490000,45000,0
7,20584,4369,495000,487,28966912,442,495000,487,495000,45000,0
8,20736,4369,500000,517,30932992,472,500000,517,500000,45000,0
9,20888,4369,510000,547,32899072,502,510000,547,510000,45000,0
10,21040,4369,515000,577,34865152,532,515000,577,515000,45000,0
11,21192,4369,520000,607,36831232,562,520000,607,520000,45000,0
12,21344,4369,525000,637,38797312,592,525000,637,525000,45000,0
13,21496,4369,535000,660,40304640,615,535000,660,535000,45000,0
14,21648,4369,540000,690,42270720,645,540000,690,540000,45000,0
15,21800,4369,545000,720,44236800,675,545000,720,545000,45000,0
16,21952,4369,550000,750,46202880,705,550000,750,550000,45000,0
17,22104,4369,560000,780,48168960,735,560000,780,560000,45000,0
18,22256,4369,565000,802,49610752,757,565000,802,565000,45000,0
19,22408,4369,570000,832,51576832,787,570000,832,570000,45000,0
20,22560,4369,575000,862,53542912,817,575000,862,575000,45000,0
21,22712,4369,585000,892,55508992,847,585000,892,585000,45000,0
22,22864,4369,590000,922,57475072,877,590000,922,590000,45000,0
23,23016,4369,595000,945,58982400,900,595000,945,595000,45000,0
24,23168,4369,600000,975,60948480,930,600000,975,600000,45000,0
25,23320,4369,610000,1005,62914560,960,610000,1005,610000,45000,0
26,23472,4369,615000,1027,64356352,982,615000,1027,615000,45000,0
27,23624,4369,620000,1057,66322432,1012,620000,1057,620000,45000,0
28,23776,4369,625000,1087,68288512,1042,625000,1087,625000,45000,0
29,23928,4369,635000,1110,69795840,1065,635000,1110,635000,45000,0
30,24080,4369,640000,1140,71761920,1095,640000,1140,640000,45000,0
31,24232,4369,645000,1170,73728000,1125,645000,1170,645000,45000,0
32,24384,4369,650000,1192,75169792,1147,650000,1192,650000,45000,0
33,24536,4369,660000,1222,77135872,1177,660000,1222,660000,45000,0
34,24688,4369,665000,1245,78643200,1200,665000,1245,665000,45000,0
35,24840,4369,670000,1275,80609280,1230,670000,1275,670000,45000,0
36,24992,4369,675000,1297,82051072,1252,675000,1297,675000,45000,0
37,25144,4369,685000,1327,84017152,1282,685000,1327,685000,45000,0
38,25296,4369,690000,1350,85524480,1305,690000,1350,690000,45000,0
39,25448,4369,695000,1380,87490560,1335,695000,1380,695000,45000,0
40,25600,4369,700000,1402,88932352,1357,700000,1402,700000,45000,0
41,25752,4369,710000,1432,90898432,1387,710000,1432,710000,45000,0
42,25904,4369,715000,1455,92405760,1410,715000,1455,715000,45000,0
43,26056,4369,720000,1485,94371840,1440,720000,1485,720000,45000,0
44,26208,4369,725000,1507,95813632,1462,725000,1507,725000,45000,0
45,26360,4369,735000,1530,97320960,1485,735000,1530,735000,45000,0
46,26512,4369,740000,1560,99287040,1515,740000,1560,740000,45000,0
47,26664,4369,745000,1582,100728832,1537,745000,1582,745000,45000,0
48,26816,4369,750000,1627,103677952,1582,750000,1627,750000,45000,0
49,26968,4369,760000,1650,105185280,1605,760000,1650,760000,45000,0
50,27120,4369,765000,1680,107151360,1635,765000,1680,765000,45000,0
51,27272,4369,770000,1702,108593152,1657,770000,1702,770000,45000,0
52,27424,4369,775000,1732,110559232,1687,775000,1732,775000,45000,0
53,27576,4369,785000,1755,112066560,1710,785000,1755,785000,45000,0
54,27728,4369,790000,1777,113508352,1732,790000,1777,790000,45000,0
55,27880,4369,795000,1807,115474432,1762,795000,1807,795000,45000,0
56,28032,4369,800000,1830,116981760,1785,800000,1830,800000,45000,0
57,28184,4369,810000,1852,118423552,1807,810000,1852,810000,45000,0
58,28336,4369,815000,1875,119930880,1830,815000,1875,815000,45000,0
59,28488,4369,820000,1897,121372672,1852,820000,1897,820000,45000,0
60,28640,4369,825000,1920,122880000,1875,825000,1920,825000,45000,0
61,28792,4369,835000,1942,124321792,1897,835000,1942,835000,45000,0
62,28944,4369,840000,1965,125829120,1920,840000,1965,840000,45000,0
63,29096,4369,845000,1987,127270912,1942,845000,1987,845000,45000,0
64,29248,4369,850000,2010,128778240,1965,850000,2010,850000,45000,0
65,29400,4369,860000,2032,130220032,1987,860000,2032,860000,45000,0
66,29552,4369,865000,2055,131727360,2010,865000,2055,865000,45000,0
67,29704,4369,870000,2077,133169152,2032,870000,2077,870000,45000,0
68,29856,4369,875000,2100,134676480,2055,875000,2100,875000,45000,0
69,30008,4369,885000,2115,135659520,2070,885000,2115,885000,45000,0
70,30160,4369,890000,2137,137101312,2092,890000,2137,890000,45000,0
71,30312,4369,895000,2160,138608640,2115,895000,2160,895000,45000,0
72,30464,4369,900000,2175,139591680,2130,900000,2175,900000,45000,0
73,30616,4369,910000,2197,141033472,2152,910000,2197,910000,45000,0
74,30768,4369,915000,2212,142016512,2167,915000,2212,915000,45000,0
75,30920,4369,920000,2235,143523840,2190,920000,2235,920000,45000,0
76,31072,4369,925000,2250,144506880,2205,925000,2250,925000,45000,0
77,31224,4369,935000,2272,145948672,2227,935000,2272,935000,45000,0
78,31376,4369,940000,2287,146931712,2242,940000,2287,940000,45000,0
79,31528,4369,945000,2302,147914752,2257,945000,2302,945000,45000,0
80,31680,4369,950000,2325,149422080,2280,950000,2325,950000,45000,0
81,31832,4369,960000,2340,150405120,2295,960000,2340,960000,45000,0
82,31984,4369,965000,2355,151388160,2310,965000,2355,965000,45000,0
83,32136,4369,970000,2370,152371200,2325,970000,2370,970000,45000,0
84,32288,4369,975000,2385,153354240,2340,975000,2385,975000,45000,0
85,32440,4369,985000,2400,154337280,2355,985000,2400,985000,45000,0
86,32592,4369,990000,2415,155320320,2370,990000,2415,990000,45000,0
87,32744,4369,995000,2430,156303360,2385,995000,2430,995000,45000,0
88,32896,4369,1000000,2445,157286400,2400,1000000,2445,1000000,45000,0
89,33048,4369,1010000,2460,158269440,2415,1010000,2460,1010000,45000,0
90,33200,4369,1015000,2475,159252480,2430,1015000,2475,1015000,45000,0
91,33352,4369,1020000,2482,159711232,2437,1020000,2482,1020000,45000,0
92,33504,4369,1025000,2497,160694272,2452,1025000,2497,1025000,45000,0
93,33656,4369,1035000,2512,161677312,2467,1035000,2512,1035000,45000,0
94,33808,4369,1040000,2527,162660352,2482,1040000,2527,1040000,45000,0
95,33960,4369,1045000,2535,163184640,2490,1045000,2535,1045000,45000,0
96,34112,4369,1050000,2550,164167680,2505,1050000,2550,1050000,45000,0
97,34264,4369,1060000,2565,165150720,2520,1060000,2565,1060000,45000,0
98,34416,4369,1065000,2572,165609472,2527,1065000,2572,1065000,45000,0
99,34568,4369,1070000,2587,166592512,2542,1070000,2587,1070000,45000,0
100,34720,4369,1075000,2595,167116800,2550,1075000,2595,1075000,45000,0
101,34872,4369,1085000,2610,168099840,2565,1085000,2610,1085000,45000,0
102,35024,4369,1090000,2617,168558592,2572,1090000,2617,1090000,45000,0
103,35176,4369,1095000,2632,169541632,2587,1095000,2632,1095000,45000,0
104,35328,4369,1100000,2640,170065920,2595,1100000,2640,1100000,45000,0
105,35480,4369,1110000,2655,171048960,2610,1110000,2655,1110000,45000,0
106,35632,4369,1115000,2662,171507712,2617,1115000,2662,1115000,45000,0
107,35784,4369,1120000,2670,172032000,2625,1120000,2670,1120000,45000,0
108,35936,4369,1125000,2685,173015040,2640,1125000,2685,1125000,45000,0
109,36088,4369,1135000,2692,173473792,2647,1135000,2692,1135000,45000,0
110,36240,4369,1140000,2700,173998080,2655,1140000,2700,1140000,45000,0
111,36392,4369,1145000,2707,174456832,2662,1145000,2707,1145000,45000,0
112,36544,4369,1150000,2715,174981120,2670,1150000,2715,1150000,45000,0
113,36696,4369,1160000,2722,175439872,2677,1160000,2722,1160000,45000,0
114,36848,4369,1165000,2737,176422912,2692,1165000,2737,1165000,45000,0
115,37000,4369,1170000,2745,176947200,2700,1170000,2745,1170000,45000,0
116,37152,4369,1175000,2752,177405952,2707,1175000,2752,1175000,45000,0
117,37304,4369,1185000,2760,177930240,2715,1185000,2760,1185000,45000,0
118,37456,4369,1190000,2767,178388992,2722,1190000,2767,1190000,45000,0
119,37608,4369,1195000,2767,178388992,2722,1195000,2767,1195000,45000,0
120,37760,4369,1200000,2775,178913280,2730,1200000,2775,1200000,45000,0
121,37912,4369,1210000,2782,179372032,2737,1210000,2782,1210000,45000,0
122,38064,4369,1215000,2790,179896320,2745,1215000,2790,1215000,45000,0
123,38216,4369,1220000,2797,180355072,2752,1220000,2797,1220000,45000,0
124,38368,4369,1225000,2805,180879360,2760,1225000,2805,1225000,45000,0
125,38520,4369,1235000,2805,180879360,2760,1235000,2805,1235000,45000,0
126,38672,4369,1240000,2812,181338112,2767,1240000,2812,1240000,45000,0
